iteration,collectionName,requestName,method,url,status,code,responseTime,responseSize,executed,failed,skipped,totalAssertions,executedCount,failedCount,skippedCount
"1","Sendinblue","Get all Companies","GET","https://api.sendinblue.com/v3/companies?filters=1&linkedContactsIds=1&linkedDealsIds=1&page=1&limit=55&sort=desc&sortBy=1&x-api-key=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","Bad Request","400","1078","64",,,,"0","0","0","0"
"1","Sendinblue","Create a company","POST","https://api.sendinblue.com/v3/companies","OK","200","451","34","This test is to verify that the response has all the  field , Id should not be an empty string, This test is to verify that the the response time should be less than 1000ms, This test is to verify that the Response body is in JSON format, Response time is less than 1000ms",,,"5","5","0","0"
"1","Sendinblue","Get company attributes","GET","https://api.sendinblue.com/v3/companies/attributes","OK","200","616","1719","Verify that the 'internalName' field is a non-empty string, Verify that the attributeTypeName field is a non-empty string, Verify that the 'required' field is a boolean value, Response time is less than 1000ms",,,"4","4","0","0"
"1","Sendinblue","Link and Unlink company with contact and deal","PATCH","https://api.sendinblue.com/v3/companies/link-unlink/veniam elit in","Bad Request","400","257","31",,,,"0","0","0","0"
"1","Sendinblue","Get a company","GET","https://api.sendinblue.com/v3/companies/655fb17bab1b1e06aef6ca05","OK","200","406","819","This test is to verify that the Id is a not an empty string,  This test is to verify that the attributes exist and includes all keys, LinkedContactsIds array is present and contains expected number of elements, LinkedContactsIds array is present and contains expected number of elements, LinkedDealsIds array is present and contains expected number of elements, Response time is less than 1000ms",,,"6","6","0","0"
"1","Sendinblue","Create a company","POST","https://api.sendinblue.com/v3/companies","OK","200","510","34","This test is to verify that the response has all the  field , Id should not be an empty string, This test is to verify that the the response time should be less than 1000ms, This test is to verify that the Response body is in JSON format, Response time is less than 1000ms",,,"5","5","0","0"
"1","Sendinblue","Delete a company","DELETE","https://api.sendinblue.com/v3/companies/:id","Bad Request","400","306","32",,,,"0","0","0","0"
"1","Sendinblue","Update a company","PATCH","https://api.sendinblue.com/v3/companies/655fd0634d83740dfe4308eb","No Content","204","457","0","This test is to verify that the company is updated, Response time is less than 1000ms",,,"2","2","0","0"
"1","Sendinblue","Get pipeline stages","GET","https://api.sendinblue.com/v3/crm/pipeline/details","OK","200","465","542","Pipeline and pipeline_name fields are present, Each stage's id is in a valid format, Response time is less than 1000ms","Stages array is present and contains the expected number of elements",,"4","3","1","0"
"1","Sendinblue","Get all deals","GET","https://api.sendinblue.com/v3/crm/deals?filter[attributes]=veniam elit in&filter[linkedCompaniesIds]=veniam elit in&filter[linkedContactsIds]=veniam elit in&offset=13396752","OK","200","385","9536",,,,"0","0","0","0"
"1","Sendinblue","Create a deal","POST","https://api.sendinblue.com/v3/crm/deals","Bad Request","400","525","52","Response time is less than 1000ms","Response has the 'id' field, The 'id' field is a non-empty string, The id field is in the correct format",,"4","1","3","0"
"1","Sendinblue","Link and Unlink a deal with contacts and companies","PATCH","https://api.sendinblue.com/v3/crm/deals/link-unlink/655fd4d0e122b6bf37823e71","Bad Request","400","406","28",,,,"0","0","0","0"
"1","Sendinblue","Get deal attributes","GET","https://api.sendinblue.com/v3/crm/attributes/deals","OK","200","1229","4629",,,,"0","0","0","0"
"1","Sendinblue","Get a deal","GET","https://api.sendinblue.com/v3/crm/deals/:id","Bad Request","400","528","78",,,,"0","0","0","0"
"1","Sendinblue","Delete a deal","DELETE","https://api.sendinblue.com/v3/crm/deals/:id","Bad Request","400","256","46",,,,"0","0","0","0"
"1","Sendinblue","Update a deal","PATCH","https://api.sendinblue.com/v3/crm/deals/veniam elit in","Bad Request","400","439","46",,,,"0","0","0","0"
"1","Sendinblue","Get all tasks","GET","https://api.sendinblue.com/v3/crm/tasks?limit=50&sort=desc&sortBy=name","OK","200","1081","7886","Response status code is 200, Validate the format of the 'createdAt' field in each item, Verify the presence of the 'pager' object and its properties",,,"3","3","0","0"
"1","Sendinblue","Create a task","POST","https://api.sendinblue.com/v3/crm/tasks","Created","201","1341","62","Response status code is 201, Response has the required fields - id and priority, ID is a non-empty string, Priority is a boolean value","Response time is in an acceptable range",,"5","4","1","0"
"1","Sendinblue","Get all task types","GET","https://api.sendinblue.com/v3/crm/tasktypes","OK","200","1420","485","Response status code is 200, Validate the response schema for each task type object, Each task type object has a non-empty 'id' field, Each task type object has a non-empty 'title' field, Each task type object's 'id' field is a valid ObjectId format",,,"5","5","0","0"
"1","Sendinblue","Get a task","GET","https://api.sendinblue.com/v3/crm/tasks/65636d4d8e0c893e6f0e2cb5","OK","200","1128","255","Response status code is 200, Task ID is a non-empty string, Task type ID is a non-empty string, Name is a non-empty string",,,"4","4","0","0"
"1","Sendinblue","Delete a task","DELETE","https://api.sendinblue.com/v3/crm/tasks/655b6f93acd26807eb763a26","Not Found","404","1215","39",,,,"0","0","0","0"
"1","Sendinblue","Update a task","PATCH","https://api.sendinblue.com/v3/crm/tasks/655b6f93acd26807eb763a22","Not Found","404","1050","39",,,,"0","0","0","0"
"1","Sendinblue","Get all notes","GET","https://api.sendinblue.com/v3/crm/notes?entity=deals&entityIds=100&limit=50&sort=desc","Bad Request","400","436","69",,,,"0","0","0","0"
"1","Sendinblue","Create a note","POST","https://api.sendinblue.com/v3/crm/notes","Created","201","337","484","Response status code is 201, Id field is not empty, Text field is a non-empty string, CompanyIds array is present and not empty",,,"4","4","0","0"
"1","Sendinblue","Get a note","GET","https://api.sendinblue.com/v3/crm/notes/655fb17bab1b1e06aef6ca05","Not Found","404","309","38",,"Text field must be a non-empty string, ContactIds array is present and contains expected number of elements, Author object contains required fields - email, timezone, and name, CreatedAt field is in a valid date format",,"4","0","4","0"
"1","Sendinblue","Update a note","PATCH","https://api.sendinblue.com/v3/crm/notes/65683865e9b135555c0ced09","OK","200","3261","423","Id field should not be empty, Text field is not empty, CompanyIds array should be present and not empty, DealIds array should be present and empty",,,"4","4","0","0"
"1","Sendinblue","Delete a note","DELETE","https://api.sendinblue.com/v3/crm/notes/6568474a4f91417d3133ee9d","Bad Request","400","411","32",,"Deleted",,"1","0","1","0"
"1","Sendinblue","Get all files","GET","https://api.sendinblue.com/v3/crm/files?entity=deals&limit=50&sort=desc","OK","200","538","3",,,,"0","0","0","0"
"1","Sendinblue","Upload a file","POST","https://api.sendinblue.com/v3/crm/files","Bad Request","400","399","31",,,,"0","0","0","0"
"1","Sendinblue","Download a file","GET","https://api.sendinblue.com/v3/crm/files/veniam elit in","Bad Request","400","503","81",,,,"0","0","0","0"
"1","Sendinblue","Delete a file","DELETE","https://api.sendinblue.com/v3/crm/files/veniam elit in","Bad Request","400","421","212",,,,"0","0","0","0"
"1","Sendinblue","Get file details","GET","https://api.sendinblue.com/v3/crm/files/1/data","Bad Request","400","328","152",,,,"0","0","0","0"
"1","Sendinblue","Get an email campaign report","GET","https://api.sendinblue.com/v3/emailCampaigns/9","OK","200","537","26538","Sender object must exist and be an object, Recipients object contains expected lists and exclusion lists, Statistics object contains expected global and campaign stats",,,"3","3","0","0"
"1","Sendinblue","Update an email campaign","PUT","https://api.sendinblue.com/v3/emailCampaigns/9","Bad Request","400","400","114",,,,"0","0","0","0"
"1","Sendinblue","Delete an email campaign","DELETE","https://api.sendinblue.com/v3/emailCampaigns/9","Forbidden","403","263","83",,"deleted",,"1","0","1","0"
"1","Sendinblue","Send an email campaign immediately, based on campaignId","POST","https://api.sendinblue.com/v3/emailCampaigns/7/sendNow","No Content","204","570","0","Sent immediately",,,"1","1","0","0"
"1","Sendinblue","Send an email campaign to your test list","POST","https://api.sendinblue.com/v3/emailCampaigns/9/sendTest","Bad Request","400","334","122",,,,"0","0","0","0"
"1","Sendinblue","Update an email campaign status","PUT","https://api.sendinblue.com/v3/emailCampaigns/11/status","Bad Request","400","266","94",,"Status code is 204",,"1","0","1","0"
"1","Sendinblue","Send the report of a campaign","POST","https://api.sendinblue.com/v3/emailCampaigns/8/sendReport","No Content","204","1221","0",,,,"0","0","0","0"
"1","Sendinblue","Get an A/B test email campaign results","GET","https://api.sendinblue.com/v3/emailCampaigns/11/abTestCampaignResult","Bad Request","400","340","77",,,,"0","0","0","0"
"1","Sendinblue","Get a shared template url","GET","https://api.sendinblue.com/v3/emailCampaigns/8/sharedUrl","OK","200","259","98","SharedUrl is not empty, SharedUrl is a valid URL format","Response time is less than 200ms",,"3","2","1","0"
"1","Sendinblue","Export the recipients of an email campaign","POST","https://api.sendinblue.com/v3/emailCampaigns/8/exportRecipients","Accepted","202","570","16",,,,"0","0","0","0"
"1","Sendinblue","Return all your created email campaigns","GET","https://api.sendinblue.com/v3/emailCampaigns?type=classic&status=archive&limit=50&offset=0&sort=desc","OK","200","229","26","Response is an object with count property, Response is an object with campaigns property, Response time is less than 500ms",,,"3","3","0","0"
"1","Sendinblue","Create an email campaign","POST","https://api.sendinblue.com/v3/emailCampaigns","Bad Request","400","229","114",,,,"0","0","0","0"
"1","Sendinblue","Upload an image to your account's image gallery","POST","https://api.sendinblue.com/v3/emailCampaigns/images","Bad Request","400","476","94",,,,"0","0","0","0"
"1","Sendinblue","Returns the information for all your created SMS campaigns","GET","https://api.sendinblue.com/v3/smsCampaigns?status=archive&startDate=veniam elit in&endDate=veniam elit in&limit=500&offset=0&sort=desc","Bad Request","400","290","85",,,,"0","0","0","0"
"1","Sendinblue","Creates an SMS campaign","POST","https://api.sendinblue.com/v3/smsCampaigns","Bad Request","400","240","109",,,,"0","0","0","0"
"1","Sendinblue","Get an SMS campaign","GET","https://api.sendinblue.com/v3/smsCampaigns/13396752","Not Found","404","303","65",,,,"0","0","0","0"
"1","Sendinblue","Update an SMS campaign","PUT","https://api.sendinblue.com/v3/smsCampaigns/13396752","Not Found","404","233","63",,,,"0","0","0","0"
"1","Sendinblue","Delete an SMS campaign","DELETE","https://api.sendinblue.com/v3/smsCampaigns/13396752","Not Found","404","208","63",,,,"0","0","0","0"
"1","Sendinblue","Send your SMS campaign immediately","POST","https://api.sendinblue.com/v3/smsCampaigns/13396752/sendNow","Not Found","404","409","63",,,,"0","0","0","0"
"1","Sendinblue","Update a campaign's status","PUT","https://api.sendinblue.com/v3/smsCampaigns/13396752/status","Not Found","404","343","63",,,,"0","0","0","0"
"1","Sendinblue","Send a test SMS campaign","POST","https://api.sendinblue.com/v3/smsCampaigns/1/sendTest","Not Found","404","331","63",,,,"0","0","0","0"
"1","Sendinblue","Export an SMS campaign's recipients","POST","https://api.sendinblue.com/v3/smsCampaigns/13396752/exportRecipients","Not Found","404","324","68",,,,"0","0","0","0"
"1","Sendinblue","Send an SMS campaign's report","POST","https://api.sendinblue.com/v3/smsCampaigns/13396752/sendReport","Not Found","404","435","68",,,,"0","0","0","0"
"1","Sendinblue","Send a message as an agent","POST","https://api.sendinblue.com/v3/conversations/messages","OK","200","442","249","Response has the required fields - id, type, text, visitorId, agentId, createdAt, ID is a non-empty string, Visitor ID is a non-empty string, Agent ID is a non-empty string",,,"4","4","0","0"
"1","Sendinblue","Get a message","GET","https://api.sendinblue.com/v3/conversations/messages/eL9kt8AFXCDq9rbzg","OK","200","512","287","Response status code is 200, Response has the required fields - id, type, text, visitorId, agentId, and createdAt, ID is a non-empty string, Type should be either 'agent' or 'visitor', CreatedAt is in a valid date format, Response time is less than 1000ms",,,"6","6","0","0"
"1","Sendinblue","Update a message sent by an agent","PUT","https://api.sendinblue.com/v3/conversations/messages/eL9kt8AFXCDq9rbzg","OK","200","670","287","Id is a non-empty string, Response time is less than 1000ms, Validate the 'type' is either 'agent' or 'visitor', Text is a non-empty string, CreatedAt is a valid timestamp in milliseconds",,,"5","5","0","0"
"1","Sendinblue","Delete a message sent by an agent","DELETE","https://api.sendinblue.com/v3/conversations/messages/3jqJ8c5KkprGiTjFB","Not Found","404","414","32","Response time is less than 1000ms","Deleted sucessfully",,"2","1","1","0"
"1","Sendinblue","Sets agentâ€™s status to online for 2-3 minutes","POST","https://api.sendinblue.com/v3/conversations/agentOnlinePing","Created","201","510","0","Adent status is created online, Response time is less than 1000ms",,,"2","2","0","0"
"1","Sendinblue","Send an automated message to a visitor","POST","https://api.sendinblue.com/v3/conversations/pushedMessages","OK","200","416","327","Response has the required fields, Id is a non-empty string, CreatedAt is a valid timestamp, IsPushed field is set to true, Response time is less than 1000ms",,,"5","5","0","0"
"1","Sendinblue","Get an automated message","GET","https://api.sendinblue.com/v3/conversations/pushedMessages/SoDaHDHQqAtdpYMGH","OK","200","521","358","Response has the required fields, ID is a non-empty string, Text is a non-empty string, CreatedAt is in a valid date format, Response time is less than 1000ms",,,"5","5","0","0"
"1","Sendinblue","Update an automated message","PUT","https://api.sendinblue.com/v3/conversations/pushedMessages/SoDaHDHQqAtdpYMGH","OK","200","516","358","VisitorId should be in a valid format, AgentId is a non-empty string, CreatedAt is a valid timestamp, Response time is less than 1000ms",,,"4","4","0","0"
"1","Sendinblue","Delete an automated message","DELETE","https://api.sendinblue.com/v3/conversations/pushedMessages/LhGgE5ASpMkminY3b","Not Found","404","506","32","Response time is less than 1000ms","Deleted sucessfully",,"2","1","1","0"
"1","Sendinblue","Get all the contacts","GET","https://api.sendinblue.com/v3/contacts?limit=50&offset=0&modifiedSince=2022-02-01T00:00:00.000&sort=desc","OK","200","610","2003",,,,"0","0","0","0"
"1","Sendinblue","Create a contact","POST","https://api.sendinblue.com/v3/contacts","Bad Request","400","429","64","Response time is within an acceptable range","Response status code is 201, Response has the required field - id, Verify that the id is a non-negative integer, The id should be unique for each execution",,"5","1","4","0"
"1","Sendinblue","Create Contact via DOI (Double-Opt-In) Flow","POST","https://api.sendinblue.com/v3/contacts/doubleOptinConfirmation","Bad Request","400","492","104",,,,"0","0","0","0"
"1","Sendinblue","Update multiple contacts","POST","https://api.sendinblue.com/v3/contacts/batch","Bad Request","400","421","69",,,,"0","0","0","0"
"1","Sendinblue","Export contacts","POST","https://api.sendinblue.com/v3/contacts/export","Bad Request","400","327","121",,,,"0","0","0","0"
"1","Sendinblue","Import contacts","POST","https://api.sendinblue.com/v3/contacts/import","Bad Request","400","440","82",,,,"0","0","0","0"
"1","Sendinblue","Get a contact's details","GET","https://api.sendinblue.com/v3/contacts/{{email}}","Bad Request","400","321","82",,"Email is in a valid format, ID is a non-negative integer, EmailBlacklisted and smsBlacklisted are boolean values",,"3","0","3","0"
"1","Sendinblue","Delete a contact","DELETE","https://api.sendinblue.com/v3/contacts/5","Not Found","404","417","64",,"Status code is 204",,"1","0","1","0"
"1","Sendinblue","Update a contact","PUT","https://api.sendinblue.com/v3/contacts/2","Bad Request","400","1015","81",,,,"0","0","0","0"
"1","Sendinblue","Get email campaigns' statistics for a contact","GET","https://api.sendinblue.com/v3/contacts/2/campaignStats","OK","200","542","2",,,,"0","0","0","0"
"1","Sendinblue","Get all folders","GET","https://api.sendinblue.com/v3/contacts/folders?limit=10&offset=0&sort=desc","OK","200","525","960","Response is an object with folders property, Response is an object with count property, Each element in the folders array has an id property, Each element in the folders array has a name property, Each element in the folders array has a totalBlacklisted property, Each element in the folders array has a totalSubscribers property, Each element in the folders array has a uniqueSubscribers property",,,"7","7","0","0"
"1","Sendinblue","Create a folder","POST","https://api.sendinblue.com/v3/contacts/folders","Created","201","295","9","Successfully Created, Response has the required field 'id', The 'id' should be a non-negative integer, Response time is less than 500ms","Verify that the 'id' in the response matches the expected value",,"5","4","1","0"
"1","Sendinblue","Returns a folder's details","GET","https://api.sendinblue.com/v3/contacts/folders/11","OK","200","423","96","Response is an object with id, name, totalBlacklisted, uniqueSubscribers, and totalSubscribers properties, id is a number, name is a string, totalBlacklisted is a number, uniqueSubscribers is a number, totalSubscribers is a number",,,"6","6","0","0"
"1","Sendinblue","Update a folder","PUT","https://api.sendinblue.com/v3/contacts/folders/11","Bad Request","400","338","71",,"SUCCESSFULLY UPDATED ",,"1","0","1","0"
"1","Sendinblue","Delete a folder (and all its lists)","DELETE","https://api.sendinblue.com/v3/contacts/folders/2","Not Found","404","796","66",,"Deleted Successfully",,"1","0","1","0"
"1","Sendinblue","Get lists in a folder","GET","https://api.sendinblue.com/v3/contacts/folders/11/lists?limit=10&offset=0&sort=desc","OK","200","834","2",,,,"0","0","0","0"
"1","Sendinblue","Get all the lists","GET","https://api.sendinblue.com/v3/contacts/lists?limit=10&offset=0&sort=desc","OK","200","349","1144","Validate that the value of 'id' is a non-negative integer for each object in the 'lists' array, Validate that the value of 'name' is a non-empty string for each object in the 'lists' array","Validate the 'lists' array is present in the response",,"3","2","1","0"
"1","Sendinblue","Create a list","POST","https://api.sendinblue.com/v3/contacts/lists","Created","201","386","9","Created Successfully, Response is an object with id property",,,"2","2","0","0"
"1","Sendinblue","Get contacts in a list","GET","https://api.sendinblue.com/v3/contacts/lists/13/contacts?modifiedSince=veniam elit in&limit=50&offset=0&sort=desc","Bad Request","400","507","65",,,,"0","0","0","0"
"1","Sendinblue","Add existing contacts to a list","POST","https://api.sendinblue.com/v3/contacts/lists/13396752/contacts/add","Not Found","404","344","64",,,,"0","0","0","0"
"1","Sendinblue","Delete a contact from a list","POST","https://api.sendinblue.com/v3/contacts/lists/13396752/contacts/remove","Not Found","404","312","64",,,,"0","0","0","0"
"1","Sendinblue","Get a list's details","GET","https://api.sendinblue.com/v3/contacts/lists/13396752","Not Found","404","272","64",,,,"0","0","0","0"
"1","Sendinblue","Update a list","PUT","https://api.sendinblue.com/v3/contacts/lists/13396752","Bad Request","400","285","69",,,,"0","0","0","0"
"1","Sendinblue","Delete a list","DELETE","https://api.sendinblue.com/v3/contacts/lists/13396752","Not Found","404","322","64",,,,"0","0","0","0"
"1","Sendinblue","List all attributes","GET","https://api.sendinblue.com/v3/contacts/attributes","OK","200","371","610","Each attribute has a non-empty name, Validate attribute enumeration",,,"2","2","0","0"
"1","Sendinblue","Update contact attribute","PUT","https://api.sendinblue.com/v3/contacts/attributes/global/BLACKLIST","Bad Request","400","620","93",,,,"0","0","0","0"
"1","Sendinblue","Create contact attribute","POST","https://api.sendinblue.com/v3/contacts/attributes/global/BLACKLIST1","Bad Request","400","876","93",,,,"0","0","0","0"
"1","Sendinblue","Delete an attribute","DELETE","https://api.sendinblue.com/v3/contacts/attributes/global/veniam elit in","Not Found","404","393","61",,,,"0","0","0","0"
"1","Sendinblue","Send a transactional email","POST","https://api.sendinblue.com/v3/smtp/email","Created","201","518","64",,,,"0","0","0","0"
"1","Sendinblue","Get the list of transactional emails on the basis of allowed filters","GET","https://api.sendinblue.com/v3/smtp/emails?email=veniam elit in&templateId=13396752&messageId=veniam elit in&startDate=veniam elit in&endDate=veniam elit in&sort=desc&limit=500&offset=0","Bad Request","400","520","57",,,,"0","0","0","0"
"1","Sendinblue","Delete scheduled emails by batchId or messageId","DELETE","https://api.sendinblue.com/v3/smtp/email/4320f270-a4e3-4a2e-b591-edfe30a5e627","Not Found","404","458","80",,,,"0","0","0","0"
"1","Sendinblue","Get the personalized content of a sent transactional email","GET","https://api.sendinblue.com/v3/smtp/emails/veniam elit in","Not Found","404","317","66",,,,"0","0","0","0"
"1","Sendinblue","Fetch scheduled emails by batchId or messageId","GET","https://api.sendinblue.com/v3/smtp/emailStatus/4320f270-a4e3-4a2e-b591-edfe30a5e627?startDate=2022-02-02&endDate=2022-03-02&sort=desc&status=queued&limit=100&offset=0","Bad Request","400","519","89",,,,"0","0","0","0"
"1","Sendinblue","Get the list of email templates","GET","https://api.sendinblue.com/v3/smtp/templates?templateStatus=false&limit=50&offset=0&sort=desc","OK","200","328","36089","Verify that the 'count' field is a non-negative integer, Verify that the 'templates' field is an array and is not empty, Validate the 'id' field for each template in the response, Validate the 'name' field for each template in the response",,,"4","4","0","0"
"1","Sendinblue","Create an email template","POST","https://api.sendinblue.com/v3/smtp/templates","Bad Request","400","278","65",,,,"0","0","0","0"
"1","Sendinblue","Returns the template information","GET","https://api.sendinblue.com/v3/smtp/templates/5","Not Found","404","274","67",,"The id field is a non-negative integer, Verify that the 'name' field is a non-empty string, Subject field is a non-empty string",,"3","0","3","0"
"1","Sendinblue","Update an email template","PUT","https://api.sendinblue.com/v3/smtp/templates/1","No Content","204","670","0","Sucessfully updated",,,"1","1","0","0"
"1","Sendinblue","Delete an inactive email template","DELETE","https://api.sendinblue.com/v3/smtp/templates/5","Not Found","404","252","63",,"deleted sucessfully",,"1","0","1","0"
"1","Sendinblue","Send a template to your test list","POST","https://api.sendinblue.com/v3/smtp/templates/1/sendTest","No Content","204","462","0","Email sent",,,"1","1","0","0"
"1","Sendinblue","Get your transactional email activity aggregated over a period of time","GET","https://api.sendinblue.com/v3/smtp/statistics/aggregatedReport","OK","200","422","205","Validate that the range is a non-empty string, Response time is less than 500ms",,,"2","2","0","0"
"1","Sendinblue","Get your transactional email activity aggregated per day","GET","https://api.sendinblue.com/v3/smtp/statistics/reports?limit=10&offset=0&sort=desc","OK","200","409","398","Validate the presence and length of the 'reports' array","Date in each report object is in valid date format",,"2","1","1","0"
"1","Sendinblue","Get all your transactional email activity (unaggregated events)","GET","https://api.sendinblue.com/v3/smtp/statistics/events?days=11","OK","200","547","9322",,,,"0","0","0","0"
"1","Sendinblue","Get the list of blocked or unsubscribed transactional contacts","GET","https://api.sendinblue.com/v3/smtp/blockedContacts?startDate=veniam elit in&endDate=veniam elit in&limit=50&offset=0&senders=ullamco,dolor elit aute&sort=desc","Bad Request","400","298","83",,,,"0","0","0","0"
"1","Sendinblue","Unblock or resubscribe a transactional contact","DELETE","https://api.sendinblue.com/v3/smtp/blockedContacts/veniam elit in","Bad Request","400","333","57",,,,"0","0","0","0"
"1","Sendinblue","Get the list of blocked domains","GET","https://api.sendinblue.com/v3/smtp/blockedDomains","OK","200","418","27","Response is an object with domains property, Each domain in the response is a string",,,"2","2","0","0"
"1","Sendinblue","Add a new domain to the list of blocked domains","POST","https://api.sendinblue.com/v3/smtp/blockedDomains","Bad Request","400","319","97",,,,"0","0","0","0"
"1","Sendinblue","Unblock an existing domain from the list of blocked domains","DELETE","https://api.sendinblue.com/v3/smtp/blockedDomains/veniam elit in","Bad Request","400","256","60",,,,"0","0","0","0"
"1","Sendinblue","Delete hardbounces","POST","https://api.sendinblue.com/v3/smtp/deleteHardbounces","Bad Request","400","297","100",,,,"0","0","0","0"
"1","Sendinblue","Delete an SMTP transactional log","DELETE","https://api.sendinblue.com/v3/smtp/log/veniam elit in","Bad Request","400","374","71",,,,"0","0","0","0"
"1","Sendinblue","Get the list of all the events for the received emails.","GET","https://api.sendinblue.com/v3/inbound/events?sender=Adedejior@gmail.com&startDate=2023-10-30&endDate=2023-11-29&limit=100&offset=0&sort=desc","OK","200","986","13","Response is an object with events property, Each element in the events array has a uuid, date, sender, and recipient property",,,"2","2","0","0"
"1","Sendinblue","Fetch all events history for one particular received email.","GET","https://api.sendinblue.com/v3/inbound/events/veniam elit in","Bad Request","400","758","56",,,,"0","0","0","0"
"1","Sendinblue","Retrieve inbound attachment with download token.","GET","https://api.sendinblue.com/v3/inbound/attachments/veniam elit in","Not Acceptable","406","565","14",,,,"0","0","0","0"
"1","Sendinblue","Send SMS message to a mobile number","POST","https://api.sendinblue.com/v3/transactionalSMS/sms","Bad Request","400","459","173",,,,"0","0","0","0"
"1","Sendinblue","Get your SMS activity aggregated over a period of time","GET","https://api.sendinblue.com/v3/transactionalSMS/statistics/aggregatedReport?startDate=veniam elit in&endDate=veniam elit in&days=13396752&tag=veniam elit in","Bad Request","400","283","69",,,,"0","0","0","0"
"1","Sendinblue","Get your SMS activity aggregated per day","GET","https://api.sendinblue.com/v3/transactionalSMS/statistics/reports?startDate=veniam elit in&endDate=veniam elit in&days=13396752&tag=veniam elit in&sort=desc","Bad Request","400","377","69",,,,"0","0","0","0"
"1","Sendinblue","Get all your SMS activity (unaggregated events)","GET","https://api.sendinblue.com/v3/transactionalSMS/statistics/events?limit=50&startDate=veniam elit in&endDate=veniam elit in&offset=0&days=13396752&phoneNumber=veniam elit in&event=bounces&tags=veniam elit in&sort=desc","Bad Request","400","342","69",,,,"0","0","0","0"
"1","Sendinblue","Get all webhooks","GET","https://api.sendinblue.com/v3/webhooks?type=transactional&sort=desc","OK","200","330","325","Response status code is 200, Validate that the 'url' field in each webhook object is a non-empty string, Validate that the 'id' field in each webhook object is a non-negative integer","Validate the presence and length of the 'webhooks' array",,"4","3","1","0"
"1","Sendinblue","Create a webhook","POST","https://api.sendinblue.com/v3/webhooks","Bad Request","400","315","68","Response time is less than 500ms","Response status code is 201, Response has the required field - id, Id is a non-negative integer, Response body matches expected schema",,"5","1","4","0"
"1","Sendinblue","Get a webhook details","GET","https://api.sendinblue.com/v3/webhooks/927689","OK","200","322","319",,,,"0","0","0","0"
"1","Sendinblue","Update a webhook","PUT","https://api.sendinblue.com/v3/webhooks/927689","Bad Request","400","2160","68",,,,"0","0","0","0"
"1","Sendinblue","Delete a webhook","DELETE","https://api.sendinblue.com/v3/webhooks/13396752","Not Found","404","319","62",,,,"0","0","0","0"
"1","Sendinblue","Add Email and/or SMS credits to a specific child account","POST","https://api.sendinblue.com/v3/reseller/children/veniam elit in/credits/add","Forbidden","403","439","83",,,,"0","0","0","0"
"1","Sendinblue","Remove Email and/or SMS credits from a specific child account","POST","https://api.sendinblue.com/v3/reseller/children/veniam elit in/credits/remove","Forbidden","403","647","83",,,,"0","0","0","0"
"1","Sendinblue","Associate a dedicated IP to the child","POST","https://api.sendinblue.com/v3/reseller/children/veniam elit in/ips/associate","Forbidden","403","406","83",,,,"0","0","0","0"
"1","Sendinblue","Dissociate a dedicated IP to the child","POST","https://api.sendinblue.com/v3/reseller/children/veniam elit in/ips/dissociate","Forbidden","403","651","83",,,,"0","0","0","0"
"1","Sendinblue","Get all sender domains for a specific child account","GET","https://api.sendinblue.com/v3/reseller/children/veniam elit in/domains","Forbidden","403","438","83",,,,"0","0","0","0"
"1","Sendinblue","Create a domain for a child account","POST","https://api.sendinblue.com/v3/reseller/children/veniam elit in/domains","Forbidden","403","409","83",,,,"0","0","0","0"
"1","Sendinblue","Update the sender domain of reseller's child based on the childIdentifier and domainName passed","PUT","https://api.sendinblue.com/v3/reseller/children/veniam elit in/domains/veniam elit in","Forbidden","403","504","83",,,,"0","0","0","0"
"1","Sendinblue","Delete the sender domain of the reseller child based on the childIdentifier and domainName passed","DELETE","https://api.sendinblue.com/v3/reseller/children/veniam elit in/domains/veniam elit in","Forbidden","403","388","83",,,,"0","0","0","0"
"1","Sendinblue","Get a child account's details","GET","https://api.sendinblue.com/v3/reseller/children/1","Forbidden","403","437","83",,,,"0","0","0","0"
"1","Sendinblue","Update info of reseller's child based on the child identifier supplied","PUT","https://api.sendinblue.com/v3/reseller/children/veniam elit in","Forbidden","403","269","83",,,,"0","0","0","0"
"1","Sendinblue","Delete a single reseller child based on the child identifier supplied","DELETE","https://api.sendinblue.com/v3/reseller/children/veniam elit in","Forbidden","403","422","83",,,,"0","0","0","0"
"1","Sendinblue","Update info of reseller's child account status based on the identifier supplied","PUT","https://api.sendinblue.com/v3/reseller/children/veniam elit in/accountStatus","Forbidden","403","447","83",,,,"0","0","0","0"
"1","Sendinblue","Get the status of a reseller's child account creation, whether it is successfully created (exists) or not based on the childIdentifier supplied","GET","https://api.sendinblue.com/v3/reseller/children/veniam elit in/accountCreationStatus","Forbidden","403","308","83",,,,"0","0","0","0"
"1","Sendinblue","Get session token to access Sendinblue (SSO)","GET","https://api.sendinblue.com/v3/reseller/children/veniam elit in/auth","Forbidden","403","512","83",,,,"0","0","0","0"
"1","Sendinblue","Get the list of all children accounts","GET","https://api.sendinblue.com/v3/reseller/children?limit=10&offset=0","Forbidden","403","708","83",,,,"0","0","0","0"
"1","Sendinblue","Creates a reseller child","POST","https://api.sendinblue.com/v3/reseller/children","Forbidden","403","463","83",,,,"0","0","0","0"
"1","Sendinblue","Return all the processes for your account","GET","https://api.sendinblue.com/v3/processes?limit=10&offset=0&sort=desc","OK","200","395","1172",,,,"0","0","0","0"
"1","Sendinblue","Return the informations for a process","GET","https://api.sendinblue.com/v3/processes/13396752","Not Found","404","250","61",,,,"0","0","0","0"
"1","Sendinblue","Get the details of requested master account","GET","https://api.sendinblue.com/v3/corporate/masterAccount","Forbidden","403","297","81",,,,"0","0","0","0"
"1","Sendinblue","Get the list of all the sub-accounts of the master account.","GET","https://api.sendinblue.com/v3/corporate/subAccount?offset=-41398727&limit=-41398727","Forbidden","403","279","81",,,,"0","0","0","0"
"1","Sendinblue","Create a new sub-account under a master account.","POST","https://api.sendinblue.com/v3/corporate/subAccount","Forbidden","403","286","81",,,,"0","0","0","0"
"1","Sendinblue","Generate SSO token to access Sendinblue","POST","https://api.sendinblue.com/v3/corporate/subAccount/ssoToken","Forbidden","403","300","81",,,,"0","0","0","0"
"1","Sendinblue","Get sub-account details","GET","https://api.sendinblue.com/v3/corporate/subAccount/13396752","Forbidden","403","267","81",,,,"0","0","0","0"
"1","Sendinblue","Delete a sub-account","DELETE","https://api.sendinblue.com/v3/corporate/subAccount/13396752","Forbidden","403","210","81",,,,"0","0","0","0"
"1","Sendinblue","Update sub-account plan","PUT","https://api.sendinblue.com/v3/corporate/subAccount/13396752/plan","Forbidden","403","273","81",,,,"0","0","0","0"
"1","Sendinblue","Get your account information, plan and credits details","GET","https://api.sendinblue.com/v3/account","OK","200","396","1195","Verify that the 'type' in each 'plan' object is a non-empty string, Address object is present and contains expected fields, Response time is less than 1000ms",,,"3","3","0","0"
"1","Sendinblue","Get the list of all your senders","GET","https://api.sendinblue.com/v3/senders?ip=veniam elit in&domain=veniam elit in","Bad Request","400","415","56",,,,"0","0","0","0"
"1","Sendinblue","Create a new sender","POST","https://api.sendinblue.com/v3/senders","Created","201","828","42",,,,"0","0","0","0"
"1","Sendinblue","Get all the dedicated IPs for your account","GET","https://api.sendinblue.com/v3/senders/ips","OK","200","364","10",,,,"0","0","0","0"
"1","Sendinblue","Update a sender","PUT","https://api.sendinblue.com/v3/senders/13396752","Not Found","404","518","66",,,,"0","0","0","0"
"1","Sendinblue","Delete a sender","DELETE","https://api.sendinblue.com/v3/senders/13396752","Not Found","404","1262","66",,,,"0","0","0","0"
"1","Sendinblue","Get all the dedicated IPs for a sender","GET","https://api.sendinblue.com/v3/senders/13396752/ips","Not Found","404","6989","66",,,,"0","0","0","0"